"female_ID","genotype","count"
"XbXb_1","XBXB",123
"XbXb_10","XBXB",25
"XbXb_11","XBXB",184
"XbXb_12","XBXB",0
"XbXb_13","XBXB",172
"XbXb_14","XBXB",75
"XbXb_15","XBXB",0
"XbXb_16","XBXB",0
"XbXb_17","XBXB",298
"XbXb_18","XBXB",47
"XbXb_19","XBXB",105
"XbXb_2","XBXB",143
"XbXb_20","XBXB",212
"XbXb_21","XBXB",31
"XbXb_22","XBXB",107
"XbXb_23","XBXB",49
"XbXb_3","XBXB",148
"XbXb_4","XBXB",33
"XbXb_5","XBXB",575
"XbXb_6","XBXB",145
"XbXb_7","XBXB",95
"XbXb_8","XBXB",251
"XbXb_9","XBXB",308
"XdXb_1","XDXB",202
"XdXb_10","XDXB",5
"XdXb_11","XDXB",41
"XdXb_12","XDXB",87
"XdXb_13","XDXB",241
"XdXb_14","XDXB",150
"XdXb_15","XDXB",312
"XdXb_16","XDXB",89
"XdXb_17","XDXB",1
"XdXb_18","XDXB",390
"XdXb_19","XDXB",61
"XdXb_2","XDXB",397
"XdXb_20","XDXB",43
"XdXb_21","XDXB",188
"XdXb_23","XDXB",52
"XdXb_3","XDXB",74
"XdXb_4","XDXB",266
"XdXb_5","XDXB",295
"XdXb_6","XDXB",216
"XdXb_7","XDXB",419
"XdXb_8","XDXB",158
"XdXb_9","XDXB",0
"XdXd_1","XDXD",55
"XdXd_10","XDXD",36
"XdXd_11","XDXD",16
"XdXd_12","XDXD",111
"XdXd_13","XDXD",162
"XdXd_14","XDXD",90
"XdXd_16","XDXD",4
"XdXd_17","XDXD",0
"XdXd_18","XDXD",0
"XdXd_2","XDXD",41
"XdXd_5","XDXD",20
"XdXd_6","XDXD",99
"XdXd_8","XDXD",64
"XdXd_9","XDXD",23
